x1,x2,x3,y
-0.48268448262582164,0.47113754070874725,-0.34786715772416565,-1.2585861609717455
-0.6345209716831368,0.4409200401043991,-0.5718073033275028,-1.9837963278882107
0.5782951151246021,-0.8002412201823426,-0.17261047473001856,0.5857719589330033
-1.0,0.8320697227610898,-0.9391733961236306,15.89736891162864
0.4516168863725589,0.7243103871155889,-1.0,-2.610259344265287
0.22796678437235407,0.15127564563263762,-0.20866572908605385,1.6318723598579272
-0.36216690133377694,0.12888211667946936,0.08199353523338337,-0.35264263723877554
-1.0,0.28708763839869,0.3560931972005854,-4.743862620179039
-0.7169921978993918,1.0,0.03446515740318867,3.9431259197017
-1.0,0.009131180564960317,0.34352609238170473,-4.051774462333655
-0.7629201561489378,-0.44030351821790026,-0.8191857587904561,1.4235173781847639
-0.6810603964265691,0.03281604729438792,0.12893936418840335,-1.1631807523059843
-1.0,-1.0,-0.24025482087195105,5.508342209292843
-1.0,-0.23379303143343688,-0.5143815854598406,-2.2438473972889423
0.9315899986605014,0.8179195994260677,-1.0,14.188330687588753
-0.7463917876377582,-0.7773222017717187,0.20006988570631967,3.2980639729135235
1.0,-0.45422267513452974,-0.5176455158138089,4.6427190143997406
-0.3300206282329363,0.2969972473739393,0.3423452055458167,-0.8641540554871014
0.12108039795216863,1.0,0.5871187114025911,8.609259065592083
-0.04927625125064905,0.5868387976572103,0.5805313892605914,0.3401308097329794
-0.47388681837652213,0.8126817028208648,0.8965627788564989,6.434014357953572
1.0,-0.3227232095330337,0.7361174728002107,6.463824440874678
1.0,-0.7580065651639112,1.0,0.36736770202012076
-0.6171755231010017,1.0,1.0,15.878574471744972
-1.0,1.0,0.9555545257467664,12.413768625614352
-1.0,-0.50832882035725,0.09128488388811373,-1.1705776820158917
-0.49227654036159807,-0.08506887498147542,-0.4445199823695434,0.1321751173936839
-1.0,-0.2188305421448622,0.1376949881102274,-3.9035132418333527
-0.22679002037027796,0.1384707163040857,-0.514801630443918,0.5980225472401355
1.0,-0.7446353145810223,-0.6349368986019941,2.3435730071288865
0.7219352909268861,0.07829411498559424,-0.49368808101147565,1.7760311323885218
-0.31257102435708894,-0.7916256867694593,0.556235037973442,1.3524345395445592
-1.0,-0.4861235916158042,-0.5203866862285531,-1.1368342180956954
1.0,-0.2949005929320796,-1.0,5.426824338984722
0.8637523478716818,0.5839802923589319,-0.09161419311886565,4.141721846279101
0.6444080246923696,1.0,-0.26326899344305543,9.862771109863479
0.29145141934597874,-0.4229618171976557,0.14711681880249916,0.7799454284176285
-0.2722021783380102,-1.0,-1.0,-15.097926288982999
0.7730062353477072,-0.6750412700531045,-0.6013166366294507,0.1475945064463139
-0.3805477972147233,1.0,-0.8603912674236232,3.790032658068686
0.40230805388687796,-0.2728411135369284,0.42962913282959425,0.9565439213985026
0.7427593974018669,-0.8826926160232877,-1.0,-15.551711973685748
-1.0,-1.0,0.13677380339744882,8.340457756836118
0.12670897862020047,1.0,0.8967367536816684,10.463018160348868
-0.22034464181763735,-0.04846643395972916,-0.10738922456677469,0.39675744767005794
-1.0,-1.0,1.0,22.300462087402888
-0.1547251856326941,0.5296241015746155,1.0,3.204782783305647
-0.8044303177094931,-0.3642058611850201,-0.2783445627395069,0.5751985348189118
-1.0,-1.0,0.5346393546468284,12.86208627628305
0.44859390444407476,0.701797701549008,-1.0,-2.3006378973829027
-0.23340120528017172,-0.6918669166632834,-0.11262837823370075,1.3899402364776385
1.0,0.5060406837510512,-0.12931336917027703,5.48920447041065
-0.9560863747378543,0.9891167438807682,0.05411127562823137,4.800280338517231
0.9707259115530376,-1.0,-0.9718542203183433,-26.474587105044527
-0.2564913045740047,-0.13419189326251413,0.27252329350935334,-0.3695612938571281
-1.0,-0.33148238166111366,0.3936106253403824,-2.6021572063903338
-1.0,0.7546501343436445,0.9669598306369431,6.432596728731749
-0.8435964784740706,-0.17829398400587038,-0.5758825005882737,1.0346567925590175
1.0,-0.030484666419466677,-0.23619839652773544,4.873663898378977
0.2823799504748883,-0.2656992256810009,-0.6255652965721961,1.0050531707473063
-0.3519419515493081,0.9194873284964473,0.7163299282214906,5.252550997370198
1.0,-0.16283116212773185,-0.22927462439309765,3.862946959465418
1.0,-0.9910028680135965,-0.20278548098644245,-7.553443143309476
0.21154767071694192,0.8546707961234863,0.021844152270283468,3.8624111572078066
-0.45504626009540505,0.038684998770088797,-0.554583769316698,-0.7311565730071811
-0.0850961218507702,1.0,-0.18299858035079453,8.847810840256846
-0.13193782462206016,0.334967077865141,-0.9438360187156518,-2.2485177654763504
0.6856939290093236,0.9875823294831538,0.08479135565988472,7.08782314953641
0.6123837012069291,0.283883502004437,0.033815040740307944,1.3571565897521882
0.9984680042165555,-0.9311018866545955,-0.8585808048235675,-10.029645583055359
1.0,-0.5073508589490356,1.0,4.052053736670736
-0.5052345152915727,0.3450128379965949,-0.7448483431706476,-0.44661925879815845
-0.2860198098031157,0.623442876291638,-0.16861555451872445,-0.5537753387492284
-1.0,0.5891957427648538,-0.5881279230260499,2.6577184455445035
0.5102012999167052,0.13618249408101035,0.07215003625437388,0.5790793924622911
-1.0,-0.4143959438367262,-0.09797597879382725,-1.7063485798906333
-0.5900470616745548,1.0,0.5665755224680964,5.261420883541585
0.55693787145963,0.7869984003311759,0.36350702146855585,2.6424267534042047
0.41670237188576453,0.9623097185663765,-0.14248550903493817,6.042852733009253
0.001549733636310613,0.013749524497490784,-0.8027143091369509,0.7477416882001976
-0.051904695148725866,-0.403951929179861,-0.08258072682323436,0.9095760645922402
-0.38759971080518696,-0.32305179894123204,-0.11870177222089029,0.6194942849159252
0.775820471671824,1.0,1.0,13.173415771477934
-0.6264752108526963,-0.033333603256338495,0.29895096089489903,-1.3209961203592604
1.0,0.619589111950035,-0.16525381428732655,6.264916142220608
0.07004068056691604,0.7879064599635439,0.3605660360407976,2.995767279704583
-1.0,-1.0,0.21486029011910146,8.952137446495476
-0.3056822224200042,-1.0,0.05905162841515277,3.0312872817160508
0.42023525285082175,0.5810001610742699,-0.5946330136274771,1.0534388298266268
0.7843453935846938,-0.36524280734461656,-0.2732993959787149,1.1364308386381117
-0.10301798590001132,-0.2072203852600767,-0.5269074548086172,0.8357126612354077
0.4591372317666602,-0.5449230053471903,0.23915132045702525,1.4582591714799835
1.0,-0.8999871125189138,0.398412222325514,-1.5310868709244152
0.30585657891916207,-0.6045359197568492,0.4099766469559132,1.2174429260657655
0.8743881091033006,0.6232063330584505,-0.8838193124123841,4.690396906674438
0.3504974418278426,-1.0,-0.6534748135857558,-5.2577304029448815
1.0,-0.349520134390777,-1.0,3.804778505783383
-0.3519300689109055,0.06827014796435948,0.7542067336687506,0.47927987458315524
-0.18633379742358147,1.0,0.035367266026580246,6.412277827206251
1.0,-0.2522566177586403,-0.3752481842044322,4.266794190860444
-0.8267784147016846,-0.43361509200136616,0.13881678778855533,-0.09598607541869664
-1.0,-0.4994742880867553,-1.0,6.060595837280934
1.0,0.2092442195303299,-0.5319584527425993,4.581225168774951
0.06315933867746071,-0.2632083237944507,0.7546354904416275,0.30132374421194424
0.8572411649476772,-1.0,0.32398865008334554,-3.3894242033639466
-1.0,0.8371896548560251,-0.055457112510352236,2.3419827567897387
-0.06354980298487445,1.0,0.6153521896957748,8.611252966280487
-0.19470338261495423,-0.5123625014666429,0.590339847090952,-0.1157090343358757
-0.5073673618615604,-1.0,-1.0,-12.015284525034575
0.9024876277942491,0.568167792333764,0.6926747573967755,8.577110766993924
-1.0,1.0,-1.0,21.946945540723448
-0.08386910007146753,-1.0,0.21941840520112632,1.9145579630308953
-1.0,0.22642514167863914,-0.4198111170506542,-2.5793354304054317
1.0,0.21195569315104779,-0.9847159372249987,10.031663512148711
0.20932779242509603,-0.6261580926742119,0.2188068304617128,0.2741982244293065
-1.0,0.03680536694182979,-0.05611669430231636,-4.708063358357979
-0.2459804149594116,-1.0,-0.6200251648650956,-1.1614086122559595
0.03572727026523803,0.35625940449702065,-0.6356543341338048,0.027152879607581837
0.3732645891872972,-0.1572966330206862,-0.3943987674939553,0.9669427914235572
-1.0,-0.4897630521899565,-0.9696091771341961,5.446746789681944
0.007936257488309728,-1.0,-0.7976477580947761,-7.368643440781935
0.050713278380184024,0.4033110547946974,1.0,2.794031665558169
0.09772875758129107,-0.7893374532223256,0.4631465427910526,1.0286440856205126
-0.2881490451909652,-0.013063111010072737,-0.034115007407912845,-0.5787741809035165
-0.34319706002016304,0.12148565864543026,-0.2465781911672793,0.26348444270345567
-0.39575946458011146,-0.3920164178702523,0.21383910003320294,0.36225907495621984
0.1876919152653289,0.22268757962653996,0.3976858008795192,0.9432051626592686
-1.0,0.014121380683817186,0.23295317904717083,-4.182098643966248
-1.0,0.7125922599516967,-0.31934075698433784,1.5678150255047605
-0.47071206486837736,0.3904870153675264,-0.6362234671304676,-1.349127761697744
0.7369321627665828,-0.10351321481427478,-0.06671064152885298,2.2513455006326666
0.37882349505757507,0.08817114763202105,0.5384562653834042,1.0682255150899735
-0.038423204818042844,0.3275254263325278,0.3607541725287582,-0.019133315536436102
0.8937220281911928,1.0,0.9569479973150921,17.67794230970555
0.2638759881190922,-0.25263297068579904,-0.7444763572442983,0.5146977967719935
-0.4116741330933005,-0.48399458970153963,-0.8329086172367972,-0.35493570819600406
-0.06482701641832378,-0.26400945264578146,0.9822974040100707,-0.04965031706014167
-0.4549494046430509,-1.0,0.8031148990662218,-0.17159581963448448
0.11556935169784044,0.851498455206593,0.023284850305823168,3.6321652185045084
1.0,-1.0,0.1734775365830079,-7.947729053280375
0.7757771071010224,-0.40752687594514114,1.0,-0.8329302531264878
1.0,0.1679831597306236,-0.18113615152777496,4.377405130179752
-0.12430209531820346,-1.0,0.13835232368600048,2.4232929425729104
-0.8863004418064186,-1.0,1.0,11.517971632305379
-0.5314314652947509,-0.6795560940788372,0.7698142205938061,1.244402331655748
-0.6641923992071794,0.527529148277514,0.31343349851666713,-2.1222024221856044
0.11086043815785818,0.21184673327973558,0.7992314622336629,0.6525586766534719
0.1652967244073864,0.07602829598856786,1.0,-0.28150645329715707
0.1719056066331608,0.20140389144210769,1.0,0.5597937437960023
-0.4056634765710281,-1.0,-0.04153256807210459,3.328020032634403
0.5548233439509864,-1.0,0.33493623031072683,-0.2606668712641981
1.0,0.7873453476331309,0.04752343970713535,8.689689378752613
-0.8355694422747415,0.9032913870600354,-0.4914299115683787,1.2949556489223115
-0.6384547390617976,0.47518749453060094,-0.19101134164450184,-2.2955041437566686
-0.24362638497441003,0.2946814920975427,-0.008466133822392807,-0.5108440849028784
-0.11463708964815167,0.6848330755952567,-0.5307817894000719,0.7258571641725119
1.0,-0.9304260477582291,-0.41724726149547675,-4.236149533608375
0.621272909131521,0.024280894198830838,1.0,0.9664684697794277
0.15741501458776863,-1.0,-0.45699038745404064,-0.36627541759228177
0.935405226564912,0.21505287492637715,0.32165675847417186,5.267405197911786
-1.0,0.14918249800353367,-1.0,12.85894559755201
1.0,-0.8239184462269629,-0.17337945827211865,-0.5362625430334464
-0.9777745711097758,0.8850439192222699,1.0,13.738478978625517
-0.0695571920065774,-0.5487589794096657,-1.0,-5.92026073077464
1.0,-1.0,0.8910890298363812,-6.721304718369351
0.6416778322378398,0.8301390836072449,0.20721985222979522,3.151283518523573
0.38613941532473883,-0.35658076361951063,-0.06766728476338613,1.5801633167050375
1.0,-0.610619335845745,-0.7193235341595876,5.1066112434739885
0.09130806686175874,-0.7099985252976151,0.2877619741057902,0.9044290702729123
0.16698540568211429,0.5617865683805869,0.3238559807342465,1.5938986875108
-0.20885424459176383,-0.27247075019599465,0.37161647528909225,0.07335579420726915
0.9996091256320232,-0.7510859033383814,-0.7431263991692907,2.3950653088283875
0.19354914607392093,0.5443158547291507,1.0,3.7800845332427433
-0.08787073619729346,1.0,0.9553633445269725,11.813889947690239
-0.0393422062306541,1.0,-0.20775048022304077,8.331109977257729
-0.4708480942426121,-0.611849247967643,1.0,0.49801313601144775
-1.0,0.9303716656024621,-0.22240320054682594,6.3173970002993585
-0.46055453454838924,-0.7168613887519233,-0.007231133481451879,2.627385687693118
0.0016182083563855976,-0.40707390337082794,1.0,-0.8743358785876116
1.0,-0.020649012911419184,0.08379630906158297,5.12462023234671
0.1791955390771025,0.5797960666016815,0.5136852039137021,1.7900723787576633
0.35339182788986845,0.9067374275560622,-0.34003309100395684,5.206742546446115
0.26583471275772763,0.8010277711972511,-0.0904188924065763,2.6314651708898267
1.0,0.22834823139812088,0.06440496545306007,5.659070958647795
1.0,1.0,1.0,26.3200189378009
-1.0,-1.0,-0.2121725357674935,6.255725855553187
0.5876619733993727,0.9975024184554282,0.8489143123491818,8.824021635044
-0.015274486575342916,0.1013933564741396,0.9324388683716736,-1.1666744082187521
-1.0,0.04621593634892007,0.1753982683415034,-3.817041243576793
-0.5243051879531997,-1.0,0.656759157161722,2.147172083102893
1.0,-0.664674537250523,-1.0,-2.6600444391580007
-1.0,-0.0068886713108460285,0.5782990400997123,-3.462755632678129
0.39445268301205183,-1.0,1.0,-7.322686841722037
0.09046884186743687,0.46374959383173686,-0.17478542994854007,0.17927211104478036
-0.5659888839105129,0.23535318352640866,-0.04316632272111587,-1.545823199017493
1.0,-0.07078570576215037,-0.05546078801080356,4.179828637013039
0.6723167495517037,1.0,-1.0,11.022960023754358
-0.08625772241027341,0.684941494214109,-0.11142860221916173,0.1302613955673989
0.23092531103758995,-0.4982074841287494,-0.4975337499028476,0.3535350372982162
0.155221096332395,0.06131951808078462,-1.0,-3.437063308393922
1.0,-0.2032256972735642,1.0,8.378872379863546
0.7829315888593891,-0.5860585894076569,0.6314075595208641,1.0863813074531123
-0.6669641911727857,0.06757652420325533,1.0,1.4673330895273318
-0.47900944280718494,0.7676431487875661,1.0,9.319013553991155
-1.0,1.0,0.07663247397327977,7.3897877805056105
-0.9331777214421655,0.23465717084164006,-0.6687176041684038,0.6266760233725779
-1.0,-0.36962200387305444,-0.7902298287418434,0.681016662634004
-0.37877498072693694,-1.0,0.5550123024955818,1.9173792864904855
0.639492407501792,-0.43469701981400455,-0.3033995329284498,1.295644481639074
-0.3584726638431619,-0.06840733242975472,0.09890058588541661,0.549953328587785
1.0,-1.0,-1.0,-29.514777962150596
-0.620024598133162,-0.02154692255937296,-1.0,0.512008866061298
1.0,0.23579524352183023,1.0,17.081315076205726
-0.7369275037933705,-1.0,0.06026390320284447,5.572626667453628
0.8798246545511428,1.0,-1.0,23.787916774717242
0.44311162010150085,1.0,0.20199066365621965,7.397239480516901
-0.18163637968902613,-1.0,-1.0,-15.643759082242669
-1.0,-0.8385850014780194,1.0,16.858874702086016
-0.1747057511956711,-0.06025469882914125,0.13086893555988488,0.5044192606839984
0.03681969410649244,-0.5669176339427164,0.30178828544744074,0.45995666373984034
0.8377643455691002,-1.0,0.8050578161904134,-3.612205672290626
-0.618160832036156,-0.7051068160102243,0.37182880972095433,1.6750064375504452
-1.0,1.0,0.2075268647059969,4.971776442367644
1.0,-1.0,1.0,-9.733837335247014
0.9329639558859089,0.35169085123146204,1.0,15.746776462476529
-0.3161494006772767,0.9104307121649395,0.012418735972678618,2.4697924818244648
-1.0,-0.4973252004475417,-0.9745684477010788,5.0855602512205795
-0.5228016480086444,1.0,0.5389071129901262,6.558599790664129
0.28912974943192316,0.012461464153145307,0.043203575293341734,1.8788577187001114
1.0,-0.9150345562420532,0.9104306205126877,-3.198289411297627
-0.695357873473889,-0.2607121101963712,0.19017108539391048,-0.1870839708297627
1.0,-1.0,-1.0,-29.47249090263877
0.49503447226862063,1.0,0.984381988117766,9.486220113572276
-0.9818186703918244,-0.08857542481980496,1.0,3.824746455250951
-0.06798998537683532,0.6542154315174631,-0.5583951378174352,0.6283085430469458
-0.6201857795529031,-0.544815788980189,1.0,2.2391682390547127
0.2300475732227374,-1.0,0.8886443729496636,-4.122030903763909
-1.0,-0.3762693365932839,-0.8947401695266248,4.018200186834635
-0.3974437703793239,0.06274108051990734,-0.0173552559086132,0.36467293944687296
-0.6065193744862267,0.8260414453958478,0.2230560670563333,-1.035228896458764
0.9764527157701113,-0.054826940515168676,0.11794125509937303,3.966288863576573
-1.0,-0.5128339527140486,-0.09295845984782347,-1.7734649123909312
0.8889660878953574,0.1964187847009229,-0.4969358383279969,3.094177878558499
-0.038537110996964996,-0.6581986318381661,1.0,-1.770886220784756
-0.8855831445230427,1.0,0.7371078673637212,2.2231231296280587
-0.567532335419338,-0.04806494719745169,-0.8463911337333492,0.7722646502688106
0.33505892144236515,-0.7844930867648583,1.0,-4.506261958493654
0.4476488083301471,0.24045507165868774,0.7719823416383684,0.9276158437780478
-0.6823857593014331,0.11494156075214601,-0.3781962168550146,-0.5145070086271428
0.3127428245452013,0.7431584071672741,-1.0,-2.5746120179855874
0.7458214691000955,-0.9132320362204407,0.2940749524127373,0.10298959287507892
-0.43593999488028423,-0.05558909545962565,0.757953867709608,0.5190569918986435
1.0,0.0017342640358608552,1.0,11.859911203640346
1.0,-0.276051036935798,1.0,7.064943267031653
0.3509489477196186,-0.3958284552558706,-0.40883682495146845,1.1035567338698926
-0.7268544312465246,0.012907982335474744,-0.40400251936072973,-1.2377610938812382
-0.4772731353619335,-0.9001139466768244,-0.374832368914233,2.2687522709471946
-0.21865370620094526,-0.521918488168513,-0.12892135550712513,0.09975159688655344
-0.19140411990150707,1.0,0.21842016321423396,6.713250266388838
-0.47929107577073804,-0.20179909720591094,1.0,1.7074571684256261
0.888747505942227,-0.6462457202416352,1.0,-0.44502126759546445
-0.19636219124734922,-1.0,0.8344658648232552,-1.6574924220570961
-0.06211388609703383,-0.3212986800451598,0.8359983557156068,-0.25960227040193246
-1.0,0.4600417886013364,-0.18545895924546074,-2.9367442452412225
0.45995236893950553,-0.31903718122424274,0.8539320779315691,-0.7869198235119739
0.2843707970834881,-0.3234977150179956,0.3814633892804462,0.46980397665717294
-0.8611078471133966,0.3926967833457682,0.6416558079397476,-2.9202959952295653
-0.4307880130490842,-0.12597918309105816,-1.0,-1.1082303450359259
-0.8729219118389693,0.18380790604003105,-1.0,7.222366816425206
0.8799728940625664,0.6046016085145276,1.0,14.864821053306251
-0.8554274364161578,0.01714120696112076,1.0,2.633260376285441
-1.0,0.36428136265311073,0.27088198440415345,-5.4543775272820465
-0.4533671148756431,-0.5160118282829858,1.0,0.750946379858479
0.021328198647210916,0.21989046389310696,-0.6945144314648675,-0.6037358709055791
-0.30552052398751917,-0.8945354858857568,1.0,-2.453856662741963
0.5536715318283774,0.26691829985277704,1.0,1.873276124758345
-0.6728262356159651,-0.8124159246411826,0.0559382820466654,1.665441609824297
1.0,1.0,-1.0,38.86355981277882
-0.69472777309714,1.0,-0.1375592754874706,5.863804180925326
0.08378618631608536,-0.30078131368489136,0.06438561860234615,1.038585805356825
-0.026463891679279428,-0.14043803676173106,0.4790539540212777,0.316325261259116
1.0,0.5419152290871745,-0.2779297412609618,5.309625490720105
0.6282788150574989,0.8169084467114658,-1.0,0.126045411738621
-0.01779382385396544,-0.10352081550285286,1.0,-0.2535971853409824
0.5269512883541021,0.40488234403341994,-1.0,-1.7765332623079828
-1.0,0.06895647749680323,-0.09475181093079477,-3.9990267557726336
0.424972788953873,0.06864381360946448,1.0,0.5240042188963595
-0.6612326761329408,0.4637368532778601,0.39039379626956494,-1.769706259047921
-0.6785198315192851,-0.106102976350684,1.0,2.539568611832294
-0.15668624638082407,-0.728113560349247,0.7623096579867414,-0.8330494832594244
-0.3746639884923926,0.8282814209297151,0.43559118870532276,1.2041987160330414
0.7090913585234524,-1.0,1.0,-7.280783466720942
-0.17245060339767604,-0.9335454610353779,-1.0,-12.381249926217654
1.0,-1.0,-0.56192987432924,-11.336974558538866
0.8041397347440014,-0.054354887604948,0.6307928282711164,3.163748584131912
0.08038462718705142,-1.0,-0.8654941570754111,-9.87788376475213
-0.3037712950650291,-0.22132797744978383,0.1703477812445664,-0.33553667986674246
0.21263501575855703,0.5602284266649225,-0.9977992530509281,-3.1269130108687495
-1.0,1.0,0.03956164509545479,7.166573430669886
0.521585785787855,-0.2959950879994948,-0.04657238311975709,1.3456537672460485
0.28354864108046973,-0.8177153768892758,-0.2814608722994789,1.9943189518899889
0.27237492078627756,0.22444515548395905,-1.0,-2.8745529407557213
-1.0,0.2021412645304883,-1.0,12.771832758669937
0.6717636181576951,-0.2698161066076845,-0.8667923472891241,-0.5213576882138555
0.8105152403832723,-0.07112205704554064,0.08140598926996878,3.0708030666747375
-1.0,-0.12572854012029966,0.1526990169337743,-3.8250311487554844
1.0,-0.4541323880661876,-0.38772876343669305,3.3782517228130082
-0.692510494514839,1.0,-0.45419330890516685,4.792094260459058
-0.7751771215169732,-0.4739337328248334,-0.5704996552411092,1.9373067524417502
0.7728102787391944,-0.6006192825223662,-0.6677542043361038,-0.06937151298373256
-0.4884982334760719,-0.4863543976917113,-0.26536454765516293,0.9472335136768646
-0.02904970301191856,-0.18596569996526524,-0.3012055202209265,0.4319610742478859
-1.0,-0.3462829254473603,-0.6152286182650935,-1.1020891601798328
-0.017055954838749443,0.041686372932335125,-0.8191620566191224,0.2070149608826398
1.0,-0.4950519422701596,-0.2510374072618229,4.619391170710763
1.0,-0.8881409805054765,0.8171790389781901,-1.0968963946980952
-1.0,-0.29915986140564854,0.9971262704115063,5.364687874639982
-0.3039565629187251,1.0,1.0,15.1752117271387
-0.9710334800307381,-1.0,-0.2716239831516041,6.775644178788825
-1.0,-1.0,0.6785466116329086,14.471399493793825
-1.0,0.621746862578227,-0.9319176039204489,13.887881436084069
-0.02869989784345428,-1.0,-0.9352442411920632,-13.004743853961413
-1.0,1.0,-0.3262469540048729,10.807487259372401
0.7593154141052609,-0.38924527596791214,0.4359720397636573,2.0950881781107746
-1.0,-0.7806411031230864,-0.057593497373755964,2.283264584175383
-0.4808347728954476,0.09468554746106173,1.0,1.7438214211360261
-0.4695604171111327,1.0,-0.8045348166213866,4.08478974974585
0.0639083659007682,0.4759371397305596,-0.08418578554417544,0.20262078470021638
1.0,-0.14449931090473922,0.9186320963094823,8.444430560080304
-1.0,-1.0,-0.34753773876032334,5.447005794384749
-0.004289407311967919,-0.09070878879265898,0.4223179576889242,0.5048208072469353
0.6895792096807651,0.9265480911296393,0.9288346389038336,10.19441420276542
0.6420214554994117,-0.3353946056432062,1.0,-1.7042361891183502
0.5414310241778191,0.5050313022112136,1.0,4.209666626148128
-0.5555317867905079,-0.08094269562046419,0.7453985063535962,-0.2970973328957413
0.5074373503246197,0.5718531745610522,0.27338731612559775,1.8639442527486634
0.4958732204175498,-0.7350235102244247,1.0,-4.087766779342211
0.4931860584303922,1.0,0.6495821361594343,6.922548674360523
-0.4674502541760297,0.41885727484608104,-0.07323436438096009,-0.4136740550297787
0.2816246289785018,0.5917133537996206,-0.048831735742215665,1.5590128904172929
-0.8851137269489417,-0.09578288116619893,0.7609723860268134,-0.3241090036068875
0.2089360498002255,-0.603235740042678,-1.0,-8.382862459958146
0.6507427194963391,1.0,0.21075974274630993,7.296914150454045
-1.0,-1.0,-0.316889314424716,6.329472380226467
-0.2927821454845416,0.9691380969772032,1.0,13.114758527195274
1.0,-0.3858593072236536,0.9399123370178748,6.372645167741823
0.7311796287949703,-0.2697965515688696,0.1223131534799855,1.381876951653494
0.6390545550054565,-0.6092093693086398,-0.18524611502006372,1.6834409674464643
0.21614309728426484,-0.4646138162558342,-0.9613844118008075,-4.430469894115253
-0.5049152088531927,0.33819485824849504,-0.47793482034861223,-1.2895170283565582
0.1715339528810309,-1.0,-0.581465383662551,-1.5019162363399863
-1.0,-0.5355357519705621,-0.9918884531995922,4.1385956192190445
1.0,-0.6407497742395711,0.5691116034357824,3.9974921890961173
1.0,0.12424553748326206,-0.5561093882852142,5.403012922686502
-0.8230126720058903,0.12730249567529928,1.0,2.703491799069936
-0.48652495937355633,-1.0,0.6142966936026564,2.141260413561155
0.8128826389245369,-1.0,-0.16681701424090845,-4.506634371219611
-1.0,-0.10280564796134795,0.6272201348651871,-3.1341317249471103
0.3781719291577492,-1.0,0.04082212309121713,1.1053980380882151
-0.22602801034544528,0.8592605069476855,-0.2825573727322064,1.7059666415067156
0.45528240672523457,0.9843121466081866,-0.6445758306998508,10.813136647644535
-0.7114754456020349,-1.0,-0.17971094200753446,5.2343687803029555
-1.0,0.09205002311926913,-1.0,12.222733594712917
0.4323206874389207,-0.9334887381483714,0.9912124046851019,-5.087702719953803
-1.0,-0.08052123120775367,0.7186114257686407,-2.3944620702042645
1.0,1.0,-0.3392751095424562,17.581084623531893
0.12811779457025385,0.6323544434549488,1.0,5.131126832011011
0.7590806655801547,0.03829814861673064,1.0,3.140132460838856
-0.34670758620698394,-1.0,-0.044943294802702205,3.4652991785510205
-0.5841240528038474,0.9188216357241019,-0.575704103199816,1.398059277248424
-0.4740877669918584,-0.5904334110514069,-0.9637705578467914,-2.4476317815362196
-0.7262182174820588,0.36412744859904644,1.0,3.5550694966377736
-1.0,-0.23566518915516532,-1.0,8.496000089103857
0.6636186222010199,-0.6041062697953044,-0.4554881748470103,1.2718997539779289
0.2944125199218075,-0.01040513827985956,-0.25825172815373776,1.1400662773500674
1.0,0.8156641119683923,-0.1676588293725365,8.335965841071639
-1.0,-1.0,-0.7050609301039206,3.6823888346306495
0.5703466697272064,-0.7045022063483928,-1.0,-9.26336361024211
0.6754803518895436,0.6626522537767376,-1.0,-0.41327396624646406
0.3993916364872774,-0.568106077371731,1.0,-2.8609539386299403
-0.6002152103302083,0.78304080395312,-0.6933892616286985,-1.359160233642186
-0.7775972102719169,-0.9037151499838685,-1.0,-2.3002049128980517
-0.2808143431623893,-0.18035806150772649,0.6133593110185969,1.0927236121697832
1.0,-1.0,0.8897976785145563,-6.667066775574234
1.0,0.014935591443139273,-1.0,8.856271894872634
0.16314745352328508,-1.0,-0.40654393895366625,1.328184891930062
0.5834099617843145,-0.296614074388609,1.0,-2.1128699703312006
0.408948421864187,-0.02672997329877491,-0.45732918544406176,0.7660697168967756
-0.6315283327950836,1.0,0.44995681937136345,4.524823000207122
0.3881103210845491,1.0,1.0,10.089735486457942
-0.6172702673805512,0.22337215437155344,-1.0,0.6712929714071556
-0.12579301959142986,0.33525628854025813,1.0,2.745828930022763
0.15077749513583494,0.3769686716043221,-0.08851774451877725,0.6517346621277986
1.0,-0.9856527107809454,-0.3421713256770462,-7.877973753646185
-1.0,-1.0,1.0,21.814948479666665
1.0,0.49489289288752625,-0.3206022479720849,5.010683789770402
-0.7080303469215499,0.7580947275906922,-0.07123636607981187,-0.9458562863624518
-0.9109653559821533,0.6115958026915016,0.8059222279495872,-1.0218160976641144
-0.6673198458871443,-0.5690303176712099,0.25255635107187424,0.9553015560376479
0.02126833204012213,-1.0,1.0,-6.33708954521768
0.15265747587525014,-0.03815301590486686,0.8623575410197346,-0.5807459506550112
0.5371236064809701,-0.798367942245398,0.6969313906816397,-0.3151217050154189
-0.4536187421412794,1.0,-0.9935483063559067,1.4123860380245108
-0.5897126507342556,-0.18868387512792983,0.576979421883445,0.4658403880147993
0.5380401933156214,0.13642207307097798,-0.5464913316120561,1.1682362357479987
-0.3742033830253624,-0.3466166770531025,1.0,0.9979353685669918
1.0,-1.0,-0.005366791731448162,-8.658645764401975
-0.10516464037431028,0.36563944119087055,0.5275917777683512,0.707177772663828
0.10709220387351048,0.8163812269114588,-0.40423907367020195,3.3872363483968266
0.7073605855464862,-0.47142753042016916,-0.1055254771350127,0.9536018973625991
0.996332446708772,-0.07943793736316729,0.5595135844510823,6.5101716123763005
0.020465421070224865,-0.07066879654627933,1.0,0.3320829516704793
0.25363267190974703,-0.47056878160183,-0.3420450932970067,1.7467693107833122
-0.6098662192282365,-0.6714420545289754,1.0,2.5724695630564955
-1.0,0.3381480140325115,-0.6412791208152127,1.2975991330982142
0.7161490490080975,0.603538450282352,-0.0518885319459883,1.9577768149424568
0.7647039522484054,1.0,-0.23740193716802693,11.022968917351914
0.7508762921903058,1.0,-1.0,13.681810502195592
-0.930925674220987,0.3989027472636133,-0.378792611142968,-1.8279316696129115
0.4736727955607345,-0.25821767534685724,-1.0,-4.239348876921232
0.43157683110241307,0.6065823409631812,-0.46244087647484533,1.9817269577895886
0.10750013054273166,1.0,-0.7340654355334393,10.82447665254295
0.5570177059464849,-0.02548447176064239,-0.24140410997846917,1.5018985633136246
-0.49403360996499357,-0.4190808875912777,0.1942041995256807,1.0098060764918824
-0.43970471652109655,-0.5419444042413111,0.015536267662155767,1.3385077382408381
0.9979910859593715,-0.9403333771079065,-1.0,-19.8499928593635
1.0,0.9069097001030513,0.6358623587111121,14.029522242589243
-0.29172224864913865,0.43354383845324174,0.05248856981536565,-0.025726912274952496
0.0053221953760327345,-0.15074426407246833,-0.3688827117641531,0.765774994414707
0.5186682945570165,0.3368703602989107,-0.5230888765570434,1.0433979108379525
-0.626268859087382,0.49176337549386995,-1.0,-0.6139774437982655
0.6653082043752498,1.0,0.6349157748202436,7.687823742231469
0.5267467450428798,-0.3251316070048196,-0.3898112260760538,1.0134913601230129
-0.18473008428150495,1.0,0.45846492596860156,7.054089249312005
-0.9234341231206702,0.10449103160530893,-0.1931166549119374,-2.8164406006978133
-0.07665750526341575,0.08843963781623043,-0.46188193714339687,1.75897067424031
-1.0,-1.0,-0.35259455850068866,6.8635069369712
-1.0,-0.2505913722271371,-1.0,8.100630292625379
0.05495828398963298,0.9923590484048339,-1.0,3.74685914808538
1.0,-0.12643298102488099,0.6984727342894523,6.63010288945263
-0.23106919493392497,0.7041678707397356,0.9184151552306776,3.9423122912322244
0.782790702102518,0.7328215109192568,-0.6444468223929385,3.5869688947131926
0.7023299880063736,1.0,1.0,11.92826220541278
0.7146584534909648,-1.0,-0.22344713127315874,-3.2634937215465665
-0.8793221968724998,0.9054758602435595,-0.9272590272061203,5.839699834693446
-0.5337430974890787,-0.9498514005557226,-0.38491763371716003,2.571034316728309
1.0,-0.5124144955814662,-0.8237713811841634,4.477465555336491
0.8304954362078429,-1.0,-1.0,-28.331259814472087
-0.33872266579502264,-0.02914264320023663,-0.732654431474919,0.02490747827856349
-0.27914830115953126,-0.4939315625533911,-0.2896458617993971,1.0848410941314486
-1.0,0.7692066697441251,-0.6443507284823555,6.742047152185781
-1.0,1.0,-0.40840559930948905,11.41489543834645
0.6141497366973843,-1.0,-0.2549649950495252,-1.8655947452745154
0.3652070465444679,-0.5013331431811285,-0.17471365358508484,1.2849514927857628
0.46078138675595914,-0.22893525825296934,1.0,-1.0554881023995377
-0.28677111148722645,0.4969615885821459,0.6928324303626612,-0.010526453718589623
0.771187489883054,-1.0,-0.5828170788238414,-7.0230957489337165
1.0,0.3661683852928914,0.4157353166810551,7.795824298820986
0.1544087970914383,-0.8850352639683108,1.0,-4.921059733664008
-0.5774538027063607,1.0,-0.012194877629287948,5.481976452510089
0.6449012534464271,0.05951632407328877,0.9714273986476434,2.469309731341335
-0.37788714667236656,-0.29966277789099793,-0.02451477482959019,-0.43489149398745724
-1.0,0.25767002388789706,-0.5104794486363704,-1.231737684709889
0.8247385754405956,1.0,0.7003889846227296,10.072789999330869
-0.3348795409766425,-0.6166704131946352,0.5602141435842329,1.1954258483344242
0.8417924628497835,1.0,1.0,16.452273651286664
0.5257427672770847,-1.0,0.18447286390279238,0.610315899797367
-0.30550114134993533,0.5364648204781521,0.3540034787966919,-0.14236633843759428
0.9811608296126031,-0.6243152481308609,-0.1615820626584985,2.2310112801942186
-0.10425036937735399,0.255518942736658,1.0,1.4469820627455152
0.4222748993286978,0.813888189563337,1.0,6.84686137851228
-0.5747329808071096,-0.3365819056058319,-1.0,-0.6749279744726656
-0.9254377650367676,-1.0,-0.9295964474852092,1.366330291602257
-0.19809417854099665,0.42671652239878344,0.47555171522336837,-0.5931941444162943
1.0,0.33886755202643837,0.7688385101778425,11.730843546840266
-0.04036946224028015,-0.49625627562193464,0.6317691173000104,0.7832230715515955
-1.0,-1.0,0.39206105685314907,11.452276153944746
-1.0,0.2845325415644777,-0.5157127570821884,-0.6109746590265354
0.31357046679385236,0.2582298863029999,1.0,1.3421631682864505
0.06863665614375214,-0.44756127579125526,0.6197713528502626,0.4402697532035088
-1.0,0.28293898573711673,-0.022747472116831258,-4.239345751493772
0.08071341604976756,-1.0,1.0,-7.446191032429449
-0.38250123719389095,0.008414656730315828,0.9226300734690325,0.30723796195782327
-0.8487795351134109,0.4406878818300921,0.17759835101056987,-3.723257999658161
-0.3897071671991712,1.0,0.4923605387036569,6.488306615186939
-0.7180606966547247,1.0,-0.11394420923057802,5.325944332938432
-1.0,0.8169932140183902,-0.5776877728523135,6.38860591706013
0.3232800427552103,0.11965119641055622,-0.32613166678685923,1.8366273719948893
-0.007755250384191115,0.185488510571286,0.56209845144593,0.2609929023778807
-0.250870916762427,1.0,0.771237558230865,8.971953220285274
0.044721221194553795,0.13345833245068217,1.0,0.24579737930613038
-0.01487472748988905,1.0,-0.003241941805477655,8.744428333379359
-1.0,-1.0,0.9509373938006946,20.430068816528863
0.8423245496567602,1.0,0.4949059393614059,9.852297109636233
-0.8071197648121127,-0.39159504467599837,-0.20823546704248308,-0.2263597888714105
-1.0,-0.23483254590507197,-0.9856796213463836,6.613065224116673
0.5171650886667678,-0.942056687413718,1.0,-5.511246782789548
0.29327124732568266,0.2734004297613859,0.6981985360064633,1.0472238590322096
-0.92779168556793,1.0,-0.8832629403582932,9.87340896537939
0.0033496641111372405,-0.2917915268528344,0.41514134325441665,0.5230541108197713
-0.8917677974764608,-0.07333351287963663,-1.0,6.993029643970034
-0.1525714708954813,0.9015118558943571,0.2321800272117025,2.349860019089692
-1.0,0.5645097671560337,0.9348018180937465,1.9541011985548347
-1.0,0.09507697166505524,0.342888440618192,-4.698290939547588
-0.34036232870302685,0.5586156152625701,-1.0,-2.874767917736146
-0.5711573159496197,-0.5044716508372522,-0.6482851044633897,0.5169767641952752
0.1195429152481382,-0.41520157202139574,1.0,-2.065523752884419
-0.5685491852352409,-0.6222456092497637,-0.054650973691118265,0.5091456578480105
-0.20543373025932055,1.0,1.0,14.260442450592553
-1.0,-0.7611243024912717,0.5208442316955249,6.406158718896189
1.0,1.0,-1.0,38.313521251216976
0.7296548273213217,0.025832713422976994,0.03084067682393199,2.141765261282803
-0.9861529376742486,-0.7428281600442883,-0.43181054082139925,1.7714744181895306
1.0,0.10972570495964762,-0.2597531660851735,4.583153428540582
0.3997308512120581,0.4211260580542937,0.6223255657980564,0.3933287862738706
-0.9451834650758713,-1.0,-1.0,0.9011409279318998
-0.9210534199873412,0.5918981771955152,-0.8307207439442517,4.923718697114027
-1.0,-1.0,0.42758268388448095,11.55734882179188
0.37951620264081565,0.7436403539009926,-0.7705263097325374,1.6913584667704762
-0.4081042375679591,-1.0,0.15332365237777057,3.578879885543564
1.0,0.8227514987416926,-1.0,21.456349014880985
-0.9088621876852807,0.5205898279608858,-1.0,10.343016846864817
0.4863828021040044,0.33813003548903753,0.15576912535376208,1.1350254341925907
0.2924040631571152,0.3193262137056132,-0.5689121553904848,0.6748319422911581
1.0,0.8252491959247337,0.48470424373164467,11.615022807209273
-0.8616951779571673,0.43303025642684423,-0.7624697541615741,0.9003800743221521
-0.650223704383444,0.2493245809954976,-0.8798159051586028,-0.1508514328020708
-0.5977040478514513,-0.15343947689313686,-0.7900383167537834,0.24720777694166857
1.0,-0.6593975753087884,0.5942497874548698,3.980580657258741
-1.0,-0.8601479203470186,-0.8316237753926055,3.363701009495676
0.17598823323418067,-0.30361494971753533,1.0,-1.4094320746943598
0.8824032543450699,-0.8158800112821079,0.34999542981664455,-0.0006962254337245788
-1.0,-0.6666242958237107,-1.0,4.767215484020885
-1.0,1.0,0.07676334808901553,5.9129183098159945
0.5619313789690226,-0.17143135801373854,0.4798672129887822,1.5189443203275943
-1.0,0.7308374005344203,1.0,8.742893885350703
0.0940959272545756,1.0,-0.1613650470002015,8.640078417413998
-0.4995498583802276,-0.3857802947427744,0.45508730278442,0.1387767518461741
0.31514361269647195,-0.6792242739921599,-0.2300233931914344,1.3816126952796048
-0.1829766218163431,-0.24037482426730028,1.0,0.09975345812032321
-0.5437465328005622,0.4963838560673919,-0.5341045305412979,-1.0773622640100045
0.6319453017325121,-1.0,0.32708593006729725,-0.12952159168993016
0.3603093917831126,1.0,0.47495431497379514,7.1559552765731285
0.6655896318586625,1.0,0.17283390722491498,7.069718171307834
0.5054810024296881,1.0,-1.0,7.243878774516091
1.0,0.39937821232243587,-0.3595041691137002,4.895083970162413
0.21941598257958184,0.7060222183096183,-0.8630686354085852,-0.38209851090906577
1.0,-1.0,1.0,-9.861012410310028
-0.13599873462145284,0.43175863397925585,1.0,2.321654626829369
1.0,0.5065218272843759,-0.1322403823698155,5.950299665682043
0.04775108551664253,-1.0,0.3520788586246899,0.49860885192693183
-0.7188428384475853,-0.29139142671174456,-0.43960533560002135,0.8476005163847427
-0.1722024386186083,0.601165495629252,0.03476536195785962,0.39026381907344576
0.5569205775029946,-1.0,-0.4371388896456887,-2.463619065692547
-0.9580632643566307,-0.613826216616614,-1.0,4.761882016173415
-0.39389980432439575,1.0,0.4582553641315783,6.14452911564318
-0.287612104093814,-0.4918838951964999,-0.4303082235423006,0.6934439118296889
0.9897938126271433,-0.4784056403389736,-0.7938610157337289,5.16040908722002
0.9671150847535412,-0.47732572306732224,0.09255429281299365,3.4412871239670713
1.0,0.791978927525911,0.2151959107384389,9.667704872289907
-0.07377389899042486,-1.0,0.8939716364922483,-3.6057418419172875
1.0,-1.0,0.29571539912343536,-7.601607588968011
-0.6543162141437369,0.18008193519305804,-1.0,0.7439782303350759
0.2835853375186268,0.21962702278851842,-0.30060220941680904,1.0162274356910888
-0.030434376410180874,-0.7152089112873383,-0.6292650919876124,0.14270513247032565
-0.1347843586870583,-0.9831459000423124,0.34482254706985294,1.759010379579554
-0.33651617323286453,-0.11041674372252142,-0.8274162505146376,-0.4022815886548068
-0.14383084996008932,0.7589298221282728,0.22138647801667277,0.9338972701306648
-0.1931909500169433,-0.8055526261216746,0.90450176497582,-1.718622730168207
-0.7299851417101049,0.5389151010135671,-1.0,0.9650218911041238
-1.0,1.0,-1.0,21.36431928729881
0.7872601646157416,-0.5988577416965226,0.5845323253640677,1.5131724613267001
-0.5010998833581375,-0.330818467775879,0.4169230799959127,0.09741634432730076
0.538488708886695,1.0,0.4218815382003209,7.269679190409509
-0.3030503972507168,-1.0,-1.0,-14.194762066655347
0.3019221415416775,-0.08430688515198348,-1.0,-3.5827742584351574
-0.10648906105088729,1.0,-0.8223214659485489,8.398938031601565
0.5272301632139877,0.44299890049533275,-1.0,-3.4894660924237835
0.39849100353186273,0.8370523897002013,-0.5765809245458999,3.455615316647542
0.16220795222673678,1.0,-1.0,5.14104667601243
-0.6570072332488952,0.9040306528783799,0.2250703562123786,0.9164262912068993
0.3490097122726723,0.8470594398979798,0.22132298344072976,2.715277087987857
0.1368626996519915,-0.3907497046626849,0.1181866456850631,0.8019753661394917
-0.24792810380164454,0.5626608673184152,-0.29870647638499337,-0.753039986208156
-0.08168256582204747,-0.08220292922785477,-0.24004576866614413,1.075375669253662
-0.7587503351051312,-0.8633124717709837,-0.4135078710599669,3.5085906485983265
1.0,0.29855392818161364,1.0,18.15198624500542
0.6899770487497698,1.0,0.256591432954844,7.303156842661768
-0.336856185225765,-0.5964401737022467,-1.0,-4.9667818272101085
-1.0,-1.0,-0.9898495254573993,2.669833148381823
1.0,0.20028237876452404,0.03229055939738723,5.005336311590259
0.17639417459085993,-0.7191085914945026,1.0,-2.8471309575235235
0.8852688298009415,1.0,1.0,18.132633906824715
0.08015636173156881,-0.12658387314092545,0.4824993532312296,0.5798501420135302
0.08832288203562211,-0.3586617573900648,-0.10329009340169293,0.6434701287024046
1.0,-0.5005381038280639,-1.0,1.3351284003807287
0.21068227978126064,-0.3874352585497325,0.7302200496244442,0.07702710002415444
0.43635212961945236,-0.2999064681213839,-0.043715186158700625,1.54785119923582
0.18821830684537044,1.0,0.7325751472035702,8.322702379333148
1.0,-0.0008566773355973556,-1.0,8.248712013277858
-0.8094596983410587,-0.5052395246827299,1.0,4.66744676560909
-1.0,0.16632721756755608,-0.9230630126446979,8.490439912016924
1.0,-0.7026922051390545,0.15488433271532354,2.2881436273333287
-0.18549542824537668,1.0,1.0,14.296603397685791
-0.25188269997219814,1.0,1.0,15.014448866053463
-1.0,1.0,0.47228136643778384,1.920811549408206
0.26558005724864175,0.13975191807971732,0.22864201433806608,0.32529664423795646
0.4883974214138096,-0.10115219389534236,-0.9438263777412625,-1.156443083629846
0.46173510903994774,-0.16393656974225612,0.7577423367742588,-0.08217081828068318
-0.0989775783727922,-0.29947680449244873,-1.0,-3.2293010815978724
-0.34678367919820907,0.8521348036776095,-0.5363834812910964,1.897318985259452
0.01962256893942471,0.8069925914492322,1.0,7.5463761712954165
-1.0,-0.5191457646805162,-0.4500666508221398,-0.4449487289155702
0.2243429365072005,-0.2828825844787066,-1.0,-4.723972542616237
1.0,1.0,1.0,25.494214029361135
-0.7124741578161682,-0.9874665539265961,-0.6552747088625552,0.25198749029725653
0.6315122010095049,0.5874280198375692,0.7262757164842721,3.4601781118229575
0.8310602992386065,-0.18067707355977114,0.9502451240897303,3.2845463689663754
-0.9588341011882524,0.6530290380980261,0.5479205556421958,-3.976635716685053
0.3831125928336463,-0.691605421506061,-0.599836555792632,0.804617204874882
0.011228493023554664,0.3210058486153913,0.08343385402889592,1.4180449561521142
-0.38464141773381955,-0.6835464858042568,-0.2816938011754566,1.1867648198666405
-1.0,-0.15154838267580573,-0.23127201187310287,-3.9561422615221713
0.8088581658893048,-0.46696928384260894,0.41505697529926766,2.6157377089902187
-0.5412465526855168,0.10312704338179879,0.9422106299750752,1.027997485358323
0.10115844986444933,-0.8509271671925507,-0.027426419223400833,2.456838101502113
-1.0,0.797126318545583,0.28828474669848836,-1.606598704829949
1.0,0.14069718275305676,0.29787355481333844,5.503039666468811
-0.00023588868757595804,0.10072056928843631,-0.6221358008095836,0.8946138065962277
-0.002079494425568207,0.13912248993198317,-0.5742692833637952,0.3183454018679432
-0.2985721814397255,-1.0,0.3035943578718625,3.3326399192133014
0.4831916445814719,-0.10244639020300972,-0.4758190558524016,1.1477785781738994
-0.8484887062118549,1.0,0.6638395747224186,2.843460887077508
-1.0,0.39697216928862833,-0.18482087381962198,-2.9861330934242694
0.07727953208897054,-0.6628989046855336,1.0,-1.9037609565460314
0.34352565622826203,-0.011741376833132922,0.9825072541043554,0.19953735798293415
-0.6744835784227037,0.6346193350639437,-0.8269695433189304,-0.9009766847114448
-0.8503837410325994,0.39072441759280374,-0.9751009201800223,5.461405557687215
0.7056835995955828,-0.5969505823625643,0.2729826915298792,1.211716140341595
0.7159962706692078,1.0,-1.0,12.728500172001114
0.6800007114314917,1.0,1.0,11.973872802870831
0.4764720595525349,1.0,-0.11713735296280836,9.133237236971969
-0.5678993641358789,-0.19304538450296094,0.22909455837393589,-0.0920458134678043
0.5200348267641599,0.5758691614385796,-0.3000800844990028,0.4923499190907701
-0.25628612927063266,-0.8028808399661358,1.0,-1.9859208340151737
0.22954777950305338,0.2700560823925844,-0.24656321748361254,1.3867990987552545
0.7925992467613994,0.030728176085722758,-0.21884114568206603,2.238342229722541
-0.2238064508033495,-1.0,0.3597871470059286,1.7965749306179368
-0.9002771783400756,-0.9916091270834158,1.0,12.246711517565933
-0.6242803878730443,0.9278176994211602,0.6557335410226235,3.0597791036260817
0.5152359430349835,0.24143233078767068,1.0,2.022884297119462
0.3747180036573874,0.44433191433069363,-0.4354137923005348,0.7518607549545167
-0.1968092197589999,-0.028029104415608463,-1.0,-2.807446945853933
0.671513987286313,0.0637497308123951,-1.0,-1.3664060369655666
-0.6648895483746291,0.047021811974416794,-0.7922106421537864,0.27926907811302204
-1.0,-0.23055323134525874,0.4492441620258507,-2.0974917268501403
-0.3219988995036662,-1.0,-0.15381501818408316,2.988642478891469
-1.0,0.5276648932503056,-0.1194527702844328,-2.665498040319263
-0.6984989474658398,-0.32024042609048897,0.17438118754571774,0.3197595630116399
-1.0,1.0,-0.2070346130048215,10.273057870232147
1.0,-0.13380060164898966,0.9960660908756125,10.418107223274443
-0.9477741540491917,0.11931349105470535,-0.13119879117735356,-3.082074949522068
0.2173553396300043,-0.5259141884330831,0.6184453871645477,0.36343184770776465
0.5369751668217033,-0.13521179848668807,-0.841508164899814,0.9105674752706601
0.8723081789075608,0.31237812253606734,1.0,11.064770546897527
-0.6385277764091386,0.6761068836122419,-0.4399768561114805,-1.3126266623636746
-0.09839678546954178,-0.21244961237763094,1.0,0.38551184463373755
-0.6542331044812981,0.07234471307195989,-0.08292238627163728,-1.011733274810096
0.31577469632306276,-0.09219736589344629,-0.6545709739887786,1.216591731913371
-1.0,-0.4571426859355312,1.0,7.75892523995147
-0.2972283163757121,-0.4893108595072402,-0.6342145316977386,0.4122901233140719
-1.0,0.9684044652352446,-1.0,21.088193081143693
0.1586181109773459,-0.8141009528728007,1.0,-4.011184661523806
-0.3512343127461661,-0.12249115763812513,-1.0,-2.8363497930997315
-1.0,-0.9332817004634923,-0.669482498644864,3.252983897764203
0.19960282270976082,-0.5460276860884214,-1.0,-6.32014749254541
0.08710818021005085,0.16004410015077108,0.15137508093664165,-0.3023974253573267
-1.0,-0.11119263254129597,0.8027266373247757,-0.7333790655717625
-0.573788057996214,-0.31023295870513334,-0.8914343186795683,0.5328073791343401
1.0,0.33982239456187324,-0.3975109349875481,5.250044435323607
-1.0,-0.47189752480968483,-1.0,6.691513674432707
0.6210617893508668,-0.09295458171565985,-0.2596316587122367,0.68952514718908
-0.47106434660856134,0.31134840168355105,1.0,2.693660891210958
-0.21817628532864575,0.5379840282174757,-0.5333302423717541,0.05958504106371154
1.0,1.0,-1.0,39.518234775723876
-0.09747276258318993,0.9836109207385333,-0.8137135362321957,5.725089495769989
0.6156484772216881,-0.023923625941637994,-0.4006832222247938,1.6161978498531007
0.17340876097103242,0.44600163558025585,-1.0,-3.1155237941575953
-0.9837637136968473,-0.6223520684083348,-0.9742346655588163,3.8755142367334665
-1.0,0.46257692076962353,0.3828673501221229,-4.745524169773528
1.0,-0.8174582169149316,0.0805037979421741,0.03711801597088828
-0.5659920575491013,-0.49482441996312265,-0.8633647273919571,-0.5222628044098835
0.2732274303928166,1.0,0.1949029346448492,7.09506371157029
0.09106427390504424,-0.15454342919298658,-0.9604126434134155,-2.5092170220155143
-0.5077295996007778,-0.9818036055563757,0.9478562227594385,-1.5374090636249225
0.37691958176716445,0.3626428740160712,0.5941142886286459,0.43743692323484307
0.20615957050799127,-0.47896647415604754,-0.4001791852964196,1.8046529392752584
0.6524766238018676,0.9972453099950978,0.6333881000683712,8.082157216414554
-0.858360380436394,-0.06092746558424156,0.696941735256382,-1.5286804664722151
0.1674705987462941,-0.182024943404133,-0.957068309831334,-2.877821994411115
-0.8958921565763085,1.0,0.10053064390819388,4.360195965999887
-0.531416337035509,-1.0,0.08640332415756347,4.712422308370198
-0.13802241767966672,0.037407145699593025,0.25994440316405476,0.9254262105187774
-0.8140905452962719,0.9579447918187303,-0.8868357476315412,3.039961838797859
-1.0,-0.2227732121511159,-1.0,8.884857199236802
-0.6670650977864307,-0.03377340631559589,-1.0,1.752265906335258
-0.9409460040296167,-0.5667105645430777,-1.0,5.470475303310554
0.5572539220879977,-1.0,-0.1887240622295281,-1.6896935698574773
0.4718720687982909,0.78111241813198,-0.7187487885549173,1.7228513967036352
-1.0,0.4161578954309084,0.12580305936707536,-4.176230422087219
-0.5531531825578029,-0.6613719052994014,-0.5224261111657431,1.109393975416952
0.9570129873905557,0.5371983529090854,-0.9597999550327228,8.489404983934348
-0.5698997940259645,0.9561359337772515,0.8144554866621638,7.044949119266444
0.5484798151710717,1.0,-1.0,7.733049724234305
-0.1224376338168296,-0.20771242561371595,-0.33995635528895196,1.784259792988803
-0.6725126423730958,-0.0978323865314592,1.0,2.4565182201466627
1.0,-0.7375437643206677,-1.0,-4.177121530660558
0.1874467579720165,0.596955926216832,-0.11176950044723188,0.9006878493157381
-0.1315058723181739,-0.07033230102751786,-0.04533116402597326,0.6996265413590144
0.2215644736738629,-1.0,-1.0,-18.84348029858351
0.6782219877930886,0.13814001002176002,1.0,3.4146828443079498
0.3044896891803246,-0.3818153726893141,0.12379061313651651,1.4075234704070416
0.0753304102684671,0.27548374279032606,0.0833685703759941,0.836659879957119
-0.04840880038639028,-1.0,1.0,-6.94929369183078
-0.06134198252376066,0.04393925782689645,-0.4774801068147887,0.07828773389781063
0.7454168059659263,1.0,1.0,12.288222667834573
0.4351364228124974,-0.8269398269019144,-0.29314213902954145,1.6219346317877497
-0.3996904687804028,-0.49763497401409884,-0.8839640421498587,-0.7981976051903115
-1.0,0.6523409738529795,0.8186068572675973,-0.5949126791607368
-0.30974460754696787,0.5448806827247534,-1.0,-3.8228464350937146
-0.407860913991829,0.16543766211852162,-0.534014807506713,-0.11519777914809229
0.40904531279370393,1.0,-0.28671155576961294,10.210727911132931
-1.0,-1.0,-0.9704729188031123,2.1646848016894813
0.6325293769705944,1.0,-0.19052444499882526,10.19694184011644
0.5469904337143441,0.8696583389817769,0.1310955303188297,3.318316871964701
-0.13429186045127106,-0.24525156282840155,-0.8982218306131735,-1.5646080795596324
-0.8147230804625767,0.361791410623548,-0.8224031241138077,0.7703085680110243
-0.39534428242414843,-0.8691257300063568,1.0,-1.1221698144260008
-0.45601430332384374,0.40131548605241263,0.24010495107074226,-1.711359632038013
-0.1778766063799846,-0.33669475271465177,-0.19445449715038543,1.2128457956631769
0.9154675725046024,-1.0,-0.6518611702735471,-11.545114516649939
0.7032552376675845,0.46575681613499076,-1.0,-0.36025159134105045
1.0,-0.3733018466378981,1.0,6.373794815866037
-0.014708788834440822,0.23088453653543306,0.4159373381599403,-0.6828033310893018
1.0,-0.12087796686836239,1.0,10.72552680209341
1.0,0.0342538796554952,0.9188512054226612,11.401248024714883
-1.0,-0.5249372208909411,-0.6233697424621261,0.02348289202798958
0.021788339145865088,0.9762334192362829,0.9835377184343057,12.047171543374235
-1.0,-1.0,1.0,22.780827131139656
-0.6233090891809641,0.8027202402814668,0.3088960328040451,-1.417577982636008
0.3974909086125289,-0.5244783089302039,-0.4866535500732567,0.7709230457649586
0.7772995180647664,-0.9109215201037741,-1.0,-17.31784936056891
0.18399995145722992,0.6987181725722336,-1.0,-3.5591335663209716
0.5391724219397298,1.0,-0.9476705893201012,10.063638299911775
0.535036658223744,0.3995148462417515,1.0,3.954522500038757
-0.7817623455821574,0.5800475165610772,1.0,5.590937163519912
-1.0,-0.4050668162181905,-0.779705265874552,1.5964343104421035
1.0,-0.8800175602237559,-0.040751822363493506,-1.9688457221348907
-0.5031022070000262,0.10103696580856325,-1.0,-0.9277609119492887
-0.532166425832225,-0.2177333540873776,-0.11260945387433052,0.17573360200239876
-0.5332467685808866,-0.7538646310131907,-0.22864372207848582,1.8585868667164944
1.0,-0.8387088218071881,0.04015203544921664,-0.2419693354000904
-0.518944457485151,1.0,-0.7844851481695874,3.740297296171785
0.10846820073930008,-1.0,0.5810305062200747,0.06419125194924814
-0.6963060299890806,-0.39347959631035523,0.5110726440494668,0.4262898635025548
0.5243823685655378,0.0452057457456736,1.0,0.7520787999828483
-0.8345610915913315,1.0,0.4878237447483431,2.192099070469591
-0.4525766008249492,-1.0,-1.0,-13.074543680512761
-0.5132795016336071,0.7542785204199927,0.5307631846447658,0.7926811773955919
0.5885779402155973,0.9819218491543455,0.6604556566838384,7.830156286733555
0.06220171650256234,1.0,0.19238040250353428,7.144138954550447
0.5342932352921446,-0.5169967179471995,-0.632697786727848,1.203493136233441
0.8178853772992034,0.43407080266897236,-1.0,2.1946936557255374
-0.9194855424698032,0.5683938254569034,-1.0,10.727118149121875
0.328987820984447,-0.2913923549448125,-0.031403730175426414,0.9758731071015078
0.2272984391521755,-1.0,-1.0,-19.405768451017813
0.7231657514524905,0.811133457220566,-0.7672573263063078,4.1060732826835995
0.32949060798228036,-0.7412100261420391,-1.0,-9.857658880311714
0.3885484382375788,-0.40383965942100697,0.6657924741359933,0.9637482871529754
0.36888648903268706,-1.0,0.7254614104752797,-1.574323382084523
0.905955650829116,0.3589442784019463,-0.11550926733636135,3.1127664001122537
-0.22742383058854365,-0.2434884754198483,0.09465963790497489,-0.04432216140557166
-1.0,1.0,-0.3623610489685458,11.621486732238447
-0.6345718509925009,-0.2849257323620489,1.0,1.5561677147408715
0.9664480926655867,0.14816790324100526,0.11205506055652537,4.371879341887688
-0.6434268696096832,1.0,0.4139976914673378,3.756217174936339
-0.40887620268547353,-0.9251762849245788,-0.14591702682697982,3.755439350612852
0.16445765441881433,0.7154097064129346,0.7075200617929776,2.7745216965101647
1.0,0.12120586555970991,0.34686309562719764,5.431601786406176
-0.40719093319603794,-0.34200524908273056,-0.08631905909430859,0.3950308433578491
0.8380039882225667,0.9016213867405616,0.8285240017012054,10.990812591890709
1.0,-0.23832901692399777,0.5341951481377722,5.978614262684766
0.021875631209988144,-0.8311667155156717,-0.41657458935526326,1.7579218766937124
-1.0,-0.12165767221612733,-0.6953532776417215,0.34212998640037934
-1.0,-0.33745879412704616,-1.0,6.620036923288244
0.3067510086764851,-1.0,0.7869815905738129,-2.3138511428644364
1.0,0.4889698912021301,-1.0,12.063892436543782
0.7867550101172878,-0.5403594240860794,0.7972204228995747,1.2217020714790747
-0.1476177835273258,0.5376708125326799,-0.16329296726894937,0.09044738844873317
-1.0,1.0,-1.0,21.878379696732182
-1.0,0.40165522305647494,0.25045662229508814,-5.115589684204013
-0.788084574714969,-0.11459668829557224,-1.0,4.059578542649092
-0.5732828871129008,-1.0,-0.8792270294347586,-6.167977559994291
0.34008861505014143,-1.0,-0.020835289476824892,1.5290266463423592
0.24907941792101695,-0.11347356179287171,-0.0515192431214444,1.1265143962935265
0.11537523256331417,0.9859487151338218,-0.7589464921059428,9.63518601099503
-1.0,0.21848391414749968,0.13209261470872913,-4.375659063193947
1.0,0.9390798169270798,0.7966591638491127,18.337004209609113
-1.0,0.13771672195138196,0.39543229277625325,-4.7116536627803285
0.4527477144509475,-0.1044985372267695,1.0,-0.7765363009301316
-1.0,0.6750378412766422,-0.38960130877080634,2.724034337607751
0.881460282961736,-0.7773041777527743,0.03424790904113917,0.9100142858639727
-0.2010829044481519,-1.0,-1.0,-15.38049970661632
-0.055159725232431844,0.02012140607602242,0.8028582932086987,0.2541191039744177
-0.41898657761889035,0.29291838554151295,1.0,2.6596239816441583
-0.5356867380799741,0.2512940925590812,0.004884901623839699,-1.2354269002948692
-0.7109173162816231,-0.29509033397150564,-1.0,2.4445284565436554
1.0,-0.5821540388900945,0.8623585195361985,4.663129240922921
-1.0,-0.8001032839461397,-1.0,4.353754683489814
0.300333577313906,-0.16012505585904058,0.4653750809851127,0.6783525936792892
0.47343890881672834,-1.0,-1.0,-21.425910980132077
-0.907475890627472,0.05799782132119402,-0.055056057157176985,-2.90567139335108
-0.5542459173549243,-0.18419989156565508,0.445005629795338,-0.11662008838116893
-0.941446911719928,1.0,0.16158748981373705,3.846886749031256
-0.2162785405501202,-0.6026644729073605,-1.0,-5.123183044729757
-1.0,-0.010652172558572426,1.0,3.9220684911130412
0.04882052105447654,-0.06365302433443243,-0.9094231974086315,-1.0078035040821676
-0.11166664908555801,-0.8261973614606444,-1.0,-10.264879119679437
-0.2921577792430696,-0.3890141982784039,-1.0,-3.4670381050318118
0.25085288616758206,0.18718249643821894,-0.20992628653126388,1.594933767702778
0.5376698181900792,0.7768351420697697,0.2909643858399902,2.37377665318245
1.0,-0.3380676098393498,0.7975456446179328,7.278460825073834
0.832236792231333,-0.12810946036226434,0.481676665899919,3.011752172942456
1.0,0.6754828879932371,-1.0,15.882855737485746
-0.7570453472772487,-0.014016158889478048,-0.4806156911123949,-0.3381010596895298
-0.25135384554766427,0.21338104318327455,-1.0,-2.202722720968616
-0.7172334972836689,0.7354866069553658,-0.43241059633701395,-1.121602150909937
1.0,1.0,0.02054982579287401,15.016244227870532
-0.297943371083915,-1.0,-0.6088882004854641,-1.1139790190070213
0.17642658473708805,1.0,-0.464808355190804,9.718248748551776
-0.47634924586717675,-0.5997981950383073,0.38865625860603426,0.5971728506445334
0.6481391320964038,-0.7088819154200172,1.0,-4.132915377126247
-0.15893674412443604,1.0,0.3653223214933372,6.56660823145059
-1.0,-0.6869953799724853,0.36945774706887025,2.644469866171125
-0.9879759686895371,-0.6200367274183671,-0.005103005571309938,-0.004375699824487378
-0.019796601633569555,-0.3370619464527347,1.0,-1.5507576294304943
1.0,1.0,-0.2309076380125794,16.360518272276483
0.4150190586242821,-0.6540473407629208,0.2955094888356169,1.431822181722301
-1.0,0.6484699659249618,1.0,7.495859038401939
0.5318874238710793,-0.5033661556110856,1.0,-3.0862415709459414
-0.8542780298909156,-0.6826781341243009,-0.32294607701083167,1.7963155716881276
-0.6730649672037634,0.16092562506768227,1.0,1.8922727561600092
-1.0,-0.7783017342513938,1.0,15.523742654558518
-0.5587004220188616,-1.0,0.05374765045819507,4.264548843078634
-0.860017603112343,-0.22955763475402802,0.5332125810884025,-1.110740146105639
0.4482023348316273,-0.46823808387081445,0.061261568139200584,1.2638734662918303
-1.0,0.1259772405921642,-0.49429840371388045,-1.847979387638848
-1.0,-0.8922310977829029,-0.02105310211588063,5.490335684565682
-1.0,-0.7095630740763155,-1.0,4.776075917889259
0.335124752364347,-1.0,-1.0,-21.529989957798033
-1.0,0.09216156124875807,-0.2528215901466422,-3.5264887965991147
-0.8218490406607735,-0.4790098608094777,-1.0,3.42216414015875
-0.07532432212687312,-0.007848762239518248,1.0,0.3772531707316611
-0.16976882975694907,0.7439821483593934,-1.0,-3.9596481419053635
-0.37663168359448096,1.0,-0.3887510020889622,7.100379253637096
0.2962188860665629,-0.1887773716474097,1.0,-1.145651962912177
-0.35095678273062303,-0.6095998183192208,0.225685578317528,0.7998776428975103
-0.5818354483159072,0.7764801926943226,1.0,8.885019700499774
-1.0,0.5204544454471507,-0.8846620646777166,9.950700460788987
-0.10341892519131268,-1.0,1.0,-5.900417214188675
-0.46423433995744223,1.0,-0.5672074212565084,5.182148755021204
-1.0,0.1767157831612558,0.7028427037996687,-3.7508248301137552
-0.827900934147894,-0.27120286595011134,0.7123002585938287,-0.02150022884889019
-0.32926010996239863,-0.050616088092444445,0.2704528057649098,0.29727706299670376
-0.9068621228109852,-0.6323993624327628,-1.0,4.061290494281599
1.0,-0.09754323925789832,-1.0,7.3389674976652595
1.0,-0.18851914269031322,1.0,8.802966627946487
0.6373311442761083,-1.0,0.7288172469157042,-2.222440813865697
-0.27105429014167504,-0.6015736789628239,-1.0,-6.215229020625384
-1.0,0.7893243528751848,-0.6386752237218101,6.882290766774071
-0.08757001257968167,0.04080748541567547,-1.0,-2.206007267356501
-0.37562985770178514,0.4056344702460415,-1.0,-4.356892046543901
-0.3027719236568758,-1.0,1.0,-5.1627349955608155
-0.77515353936419,-0.32634129098512843,-1.0,2.154681039423808
-1.0,0.02631882289681098,0.26134834853440303,-4.615716135858315
-1.0,0.3281489300447318,-0.12387054535792164,-4.0531977887363135
0.780426552645807,0.6380533942289159,-0.7972303765983249,1.6729759973218086
0.03824534275199176,0.008054952100406743,0.3554600859753936,0.5896869277141801
0.5551009017100668,-1.0,0.3075305078591377,-0.6840928302693164
-1.0,0.4302688472059122,0.15380685661521976,-4.024054047775807
-1.0,0.6277697684565142,-0.8115278318776107,8.497053960814718
1.0,-1.0,-1.0,-29.60878330076733
0.8045301748875415,0.11800999805038459,1.0,5.472726825097994
0.23674151924571651,-0.42433571568814665,0.525518087310693,0.3107725618778493
0.4309632770084668,0.38662036524659693,0.3232845374384987,0.8177663694137483
-0.9490679168909772,-0.1971375075588766,-1.0,8.60289779293483
1.0,1.0,0.2655809248460963,12.862317136457094
0.9053785331800732,-1.0,-0.4315142949558044,-8.166362413630667
-1.0,-0.10338584368195192,1.0,3.9079471267470307
0.7180365659502532,-0.12312772118982451,-0.715522497421138,1.6395330493702733
0.8756198407509204,0.7710016244750433,1.0,17.089426081729556
-0.31371032954217837,-0.8778697276333907,-0.04224792035070046,2.8899034784460422
-0.5692066957434263,-1.0,-1.0,-10.899650276652084
-0.23984667043348695,0.26287883363427644,-0.6179819566233253,0.575287195957862
0.031917780588971434,-0.4564262039242808,0.8140887034940438,0.39968169083075755
-0.8741719349574246,0.5082092854753799,1.0,4.131809753370675
-0.6503260648961671,0.16150224210400643,0.9410632664617959,1.2331655329890998
-1.0,-1.0,1.0,22.77085542090677
-0.5706529341544249,-0.8452119992306562,-0.03198337031815113,2.869155678355095
0.9441645543118684,-0.4537767344027346,1.0,3.1399572596711915
-0.5789529926786579,-1.0,1.0,-1.0335797419369885
0.5353797700888698,0.6824662533139783,-0.23147657708678016,1.9738324526796522
1.0,0.7073381372785223,-0.47055381948103037,6.670157897317314
-1.0,1.0,-0.521262820294174,12.046491896343458
-0.3601960481965216,0.43055692305686755,-0.5079098349900943,-0.8650615064357265
0.34621244055492695,0.03407091738513568,0.17417013311206087,0.6800332365045236
0.26990083345201366,0.3001947572858594,-1.0,-3.2850556491271883
-1.0,1.0,-0.1253166140015456,8.800826646626632
1.0,1.0,0.5800468416929214,14.017029534887055
-0.7701646790237031,0.9767510788304823,-0.4953172035019646,3.7020719745799946
-1.0,-0.16323734172852866,1.0,4.535932265633813
1.0,1.0,0.799547973910778,18.41724397503177
-0.6673276290086017,-0.17731058082217466,0.16159744375763574,0.018602837756160007
1.0,-0.4166377521063931,-0.541865007275175,4.551775456340334
-0.11486222149216196,0.30811450529345086,-0.11513082234658278,0.46079709960221
-0.14408614589640778,0.38292767765069247,1.0,2.859347845687531
0.5624324659070858,-0.15439789794769165,0.3159432776070694,0.9112908728093675
-0.30808902494221524,-0.2081220860056221,-0.8480424069249819,0.05498636356702663
0.2561069882629661,0.60816147882144,0.8933878381804303,2.3841166802202145
0.15954400472794927,-1.0,0.32719140966495797,2.2801946333612335
0.25238284189655524,0.4869919034595762,-0.5038047135398123,0.8507488645714132
-0.18192370386024992,0.9807268026064808,1.0,13.338906394088813
1.0,-0.5274534809896221,-1.0,1.71409136159159
1.0,1.0,0.039231329879160226,13.97257509530596
0.03249515872433939,0.19808407526457494,0.8915403959446315,-0.19506645851468335
0.10890803108530211,-1.0,-0.20157063298602806,1.7864428533203955
1.0,0.33973108478235825,0.31296351736442785,6.8290305886505624
0.9646334979847804,0.22729670769466148,-1.0,7.233350563261671
0.11186684133721014,-0.4675753354774579,1.0,-1.3252748126529301
0.8047312692256829,-0.7051128700202027,1.0,-3.2531880413039245
-0.15375766639477018,-0.8127051434878085,1.0,-2.50581793235069
0.8865878174535393,0.28368780419845896,-1.0,4.894196340243793
-0.1931281728612,-1.0,0.24306386858980766,3.6489120021028
-0.12525017039934405,0.7406438781398554,-0.2861813142719152,1.7289643581188092
0.28929194977437,0.8913407134814317,-0.5368536632364298,5.278903829608655
-0.557444652575485,0.8850872374774579,1.0,10.89076180255076
0.7605276431458223,0.2784612490592395,0.47241632382964416,2.412680225629444
-0.7283247683304885,0.5816608718561884,0.6208190281114054,-2.0962667845726792
1.0,-0.1918981016408452,-0.483323115611781,5.287985166974662
0.9155645968676438,0.7633361015525695,1.0,19.09583925592243
1.0,-0.03474268644747136,-0.5093717151155837,4.224118781506057
-0.5015663344737937,-0.07375998887705393,0.15705221516506418,-0.48197129876678213
-0.8196117900183493,0.5643500035601494,0.4065689592160986,-3.7361491471593533
0.8304210910969498,-0.7737236517986408,-1.0,-10.502991006108168
-1.0,-0.10728814603751591,0.15860273995022567,-3.157720838111354
-0.6096121159657957,0.4923795062609728,-1.0,-1.4073740223160298
-0.3731709899506237,0.5443013368357414,0.3071937651561687,-0.9545535291343626
-0.7957079562107445,1.0,-0.03019984269163367,3.685312738158932
0.7046413368473115,-1.0,-0.36661500882591125,-4.180960133833147
0.17908542600979627,-0.6751723529036409,1.0,-2.857735932043714
1.0,-0.7035800398236565,-0.35333676015655113,2.831043860825422
-1.0,1.0,0.8061052067180292,3.8486327676552277
-0.7112593680918875,1.0,0.039709449169871514,5.206809765260047
1.0,0.015343966346696547,-1.0,7.970366907388671
-0.2233180583726917,-0.04050147334762122,-0.6781430356922082,1.0847676620079567
0.3484554238112638,0.9968583981204227,-0.8274128705630506,10.230899858875208
0.09223979433842122,1.0,-0.8668192868027855,8.774011142384934
0.49656311682465426,1.0,0.0849202290042459,7.654383061836793
-1.0,-0.47400753387198824,0.3605767712298913,-0.4569570687688627
0.2443053013150307,-1.0,-0.6642813376776593,-3.934339162082321
-0.2165018604244484,0.7985955393896611,-0.10411562452201184,1.0141670988872507
-0.44862707454949313,-0.6525712884870685,-0.1332610942113288,2.0455826746117585
-1.0,-0.17590253875440243,0.556870507411614,-2.3776694170194403
0.8918298055192027,-1.0,0.7773535574234545,-4.109118717058889
1.0,-1.0,-0.5033293354346688,-11.301344910256944
-0.6720463637719776,0.3664649374089679,-1.0,1.1170660658711185
-1.0,0.7598754296615027,-0.4026394538564986,3.9909054160750843
0.5485095512354805,0.005646897342081347,0.035415998509731095,1.6597987753935408
0.9623872880866511,-0.24167067805450348,0.7224883856621256,5.264604519744434
-0.2695237341569745,-0.9787842466969605,1.0,-4.645482391514992
-1.0,0.2401853132133973,-0.9267326316064763,9.638663480362304
0.716793416799163,-1.0,-0.5024555548378724,-5.223753541856208
-0.9921206356684407,-1.0,-0.8760084363264458,2.6647904803661504
1.0,1.0,-0.4002022669231804,19.129497707241214
-0.6714173792663074,-0.6279014479094114,-0.30860933040640237,1.437845061127009
0.7263615170357214,0.19794088945540445,0.18074098102616398,2.6523278131040042
-1.0,0.6365991026042779,0.8771390602935483,0.28103984162295825
0.17793197885778822,0.9195093067338811,0.41519399498924603,4.49669455557419
-0.5261957534680213,0.7368236753780706,0.5909471129227997,0.0946063016082973
-0.3381115353862276,1.0,0.6449977621113971,7.971948660216704
0.9489925040183607,0.40863040286996366,-0.621159349249679,3.7289073574895495
-1.0,1.0,-0.35135900632130346,10.992669173994253
-1.0,-0.3627434369018454,0.9730582830319499,5.742440952368062
0.17326959319347823,0.01771498361816537,0.6538420809532675,0.44664601072868404
-0.12371813172894175,-0.5358447049387252,0.08895980023539685,1.0815543655993118
0.5103621993568623,-0.5022047244039443,0.8685270707949755,-1.3920898320446282
-0.17356990998477384,-0.9029527413497891,-0.276068468839618,3.0969592365179874
-0.376915331433773,-0.011642594220801605,-0.11543919010143111,-0.528033211194286
-0.5214600143128449,0.8880717879631967,-0.5546212325949829,1.066155689039892
0.2289230820218966,-1.0,-0.788640727929095,-7.004607916013218
