variant,degree,model,scaled,alpha,l1_ratio,cv_mse_mean,cv_mse_std,cv_r2_mean,cv_r2_std,mean_nonzero_coefficients,max_abs_coefficient_mean,warnings
var1,2,OLS,False,,,3.157137972149452,0.562437112243915,0.6702309232064908,0.054966919342697484,27.0,3.2939303685128167,
var1,2,Ridge,False,1.0,,3.156704373109458,0.5640017202110806,0.6703426306796058,0.05473185316081121,27.0,3.2607229712815275,
var1,2,Ridge,True,10.0,,3.1604609386894076,0.5661418506093876,0.6700271563714748,0.054500577080850314,27.0,1.4414312228058566,
var1,2,Lasso,False,0.006,,3.1596839962390275,0.5810860473735132,0.6700729935773971,0.05652900708154093,23.4,3.209942358751755,
var1,2,Lasso,True,0.02,,3.156854334840858,0.5893355550440291,0.6705408756038915,0.05624791817107112,23.4,1.4410165008668396,
var1,2,ElasticNet,False,0.006,0.9,3.160180476820683,0.5801995340121975,0.6700441662674013,0.05627751799629606,24.0,3.1962300293642687,
var1,2,ElasticNet,True,0.02,0.9,3.1568404111156076,0.5878796296558624,0.6705392224180272,0.05609258721183791,23.4,1.4391277478524682,
var1,3,OLS,False,,,0.9683066195120625,0.1321087200717668,0.8979157547876937,0.02095721068935365,83.0,3.2492090309601,
var1,3,Ridge,False,1.0,,0.9604819742452484,0.1298049809498906,0.8987686708088531,0.020602658253814313,83.0,3.2154814354917063,
var1,3,Ridge,True,10.0,,0.9584023542942287,0.13127234407622437,0.8990223135226962,0.02055050386108504,83.0,1.453615305754641,
var1,3,Lasso,False,0.0035,,0.9479718852234857,0.14848676906015237,0.9001804686261259,0.021836602749329873,63.6,3.2124523331849586,
var1,3,Lasso,True,0.006,,0.964965311096409,0.1415401090544501,0.8985656813916272,0.020331808264990682,62.8,1.4646381057800717,
var1,3,ElasticNet,False,0.006,0.9,0.9481390078938083,0.14916696700228885,0.9002384880742913,0.021478951082420265,62.8,3.1826171671735417,
var1,3,ElasticNet,True,0.006,0.9,0.9620475786419561,0.139264669206658,0.898837444303892,0.02030797150941721,63.6,1.4637259825532947,
var1,4,OLS,False,,,0.7717420262382,0.1223721875320539,0.9184593947161457,0.017691748975698668,209.0,2.8629887433944363,
var1,4,Ridge,False,1.0,,0.6710318682028781,0.1001694345669814,0.9294191319717635,0.013497854591332618,209.0,2.6380157571022855,
var1,4,Ridge,True,10.0,,0.6754266681503728,0.10100915472059636,0.9290182550593611,0.013441278561813772,209.0,1.125621075394386,
var1,4,Lasso,False,0.0035,,0.5979782446441971,0.07604173878384814,0.9372762866222913,0.010277521415251437,98.6,2.635427561929703,
var1,4,Lasso,True,0.006,,0.620206713599498,0.0727856172848764,0.9350059012575216,0.00965589883599769,109.8,1.2477505738858823,
var1,4,ElasticNet,False,0.006,0.9,0.6058453224470345,0.08866170680726067,0.9363737347793535,0.012058455543132167,92.0,2.531249702335762,
var1,4,ElasticNet,True,0.006,0.9,0.6193249011497439,0.0753324744283641,0.9350967705730081,0.009858322824923315,114.2,1.2258307247304283,
var1,5,OLS,False,,,2.011717441513613,0.74560469508557,0.7925706107684329,0.06598331278602099,461.0,3.718791933908149,
var1,5,Ridge,False,1.0,,0.5021043284745564,0.08268141110617448,0.9470700794843123,0.011568651267596411,461.0,1.9321705222394439,
var1,5,Ridge,True,10.0,,0.541669557874215,0.07878818084692285,0.9433004922408585,0.009301509215343888,461.0,0.8606219327542475,
var1,5,Lasso,False,0.0035,,0.3347131865792896,0.04516093224835862,0.9645555496350887,0.007823827236551681,119.6,2.610412749201531,
var1,5,Lasso,True,0.02,,0.34909208672845365,0.0384053183317722,0.963107652256201,0.00723978587759522,101.6,1.2700445422066808,
var1,5,ElasticNet,False,0.006,0.9,0.352128214356961,0.038229590945842336,0.9627611872318326,0.007358860615950543,114.2,2.517586050643085,
var1,5,ElasticNet,True,0.02,0.9,0.34795827413625063,0.04135469985121835,0.9631904698144631,0.007625115733981304,106.4,1.2390743150471335,
var1,6,OLS,False,,,130.73578943780728,64.77019929497096,-12.709325166973935,7.072541690394013,923.0,26.319357935957136,
var1,6,Ridge,False,10.0,,0.5298303030958611,0.06575978800811166,0.9443130596372844,0.009388246828686594,923.0,1.195131365892842,
var1,6,Ridge,True,100.0,,0.6086328364072722,0.07004495046796237,0.9360407304272259,0.010453344717952447,923.0,0.3638597329316491,
var1,6,Lasso,False,0.0035,,0.34812734614829377,0.04737800077527392,0.963187348788497,0.007797861486607688,131.2,2.6491431681696427,
var1,6,Lasso,True,0.02,,0.36845064547967615,0.048424409491414584,0.9610270308385094,0.00832515497334053,105.2,1.2927873909153296,
var1,6,ElasticNet,False,0.006,0.9,0.362109585163846,0.0426339684568936,0.961721521797319,0.007607345942496529,114.0,2.514883158974102,
var1,6,ElasticNet,True,0.02,0.9,0.3664007579813787,0.049308198753991325,0.9612339178158642,0.008394827121043587,114.6,1.2419247794487953,
var1,7,OLS,False,,,11.236032334832752,4.444784549955978,-0.1957745908972059,0.5251392546068727,1715.0,4.368613197003997,
var1,7,Ridge,False,10.0,,0.5430289390073657,0.05008607299855162,0.9430106912482591,0.007835095593829238,1715.0,1.162052776422191,
var1,7,Ridge,True,100.0,,0.6401991268518182,0.050553854515904065,0.9328881587864221,0.007978066743815555,1715.0,0.34686536426037456,
var1,7,Lasso,False,0.0035,,0.3544223457931032,0.04870174635986033,0.9625698803148277,0.007710850089538115,148.6,2.6554071277569555,
var1,7,Lasso,True,0.02,,0.3762092087105205,0.04931521578582602,0.9602468098469291,0.008237867137152688,126.8,1.2975313052278103,
var1,7,ElasticNet,False,0.006,0.9,0.36639342225493765,0.04270352721606128,0.9612992424912615,0.007483863725007116,140.6,2.520910987410443,
var1,7,ElasticNet,True,0.02,0.9,0.37496071216198057,0.0501249121588117,0.9603687006104245,0.008329141586164452,140.4,1.2462553580168396,
